{"col": {"COMB1": {"level.1": {"M1": {"Axial_max": 380913.17035795614, "Shear_max": -6.597266020095875e-12, "Shear_min": -6.597266020095875e-12, "Moment_max": 2.603748657727034e-10, "Moment_min": -5.188282238608204e-10}, "M2": {"Axial_max": 379152.5010347973, "Shear_max": -458.63386185326794, "Shear_min": -458.63386185326794, "Moment_max": 36109.21781775617, "Moment_min": -18060.027605733303}, "M3": {"Axial_max": 379152.5010347981, "Shear_max": -458.6338618532647, "Shear_min": -458.6338618532647, "Moment_max": 36109.21781775606, "Moment_min": -18060.027605733034}, "M4": {"Axial_max": 380913.1703579563, "Shear_max": 9.82421189633391e-13, "Shear_min": 9.82421189633391e-13, "Moment_max": 4.458707586593626e-11, "Moment_min": -7.144669084166355e-11}, "M5": {"Axial_max": 379152.50103479763, "Shear_max": 458.6338618532625, "Shear_min": 458.6338618532625, "Moment_max": 18060.027605732834, "Moment_min": -36109.217817756}, "M6": {"Axial_max": 379152.50103479845, "Shear_max": 458.6338618532616, "Shear_min": 458.6338618532616, "Moment_max": 18060.02760573266, "Moment_min": -36109.21781775607}}, "level.2": {"M7": {"Axial_max": 323033.9255630262, "Shear_max": -7.774850613221983e-12, "Shear_min": -7.774850613221983e-12, "Moment_max": 4.5797756466153084e-10, "Moment_min": -5.2153076996475e-10}, "M8": {"Axial_max": 321504.92191797664, "Shear_max": -730.2248782926124, "Shear_min": -730.2248782926124, "Moment_max": 44365.55348191737, "Moment_min": -47631.24362987477}, "M9": {"Axial_max": 321504.92191797774, "Shear_max": -730.2248782926088, "Shear_min": -730.2248782926088, "Moment_max": 44365.55348191713, "Moment_min": -47631.243629874545}, "M10": {"Axial_max": 323033.9255630263, "Shear_max": 1.0498200661621179e-12, "Shear_min": 1.0498200661621179e-12, "Moment_max": 7.336684624390318e-11, "Moment_min": -5.889389493547833e-11}, "M11": {"Axial_max": 321504.9219179772, "Shear_max": 730.2248782926067, "Shear_min": 730.2248782926067, "Moment_max": 47631.24362987437, "Moment_min": -44365.55348191706}, "M12": {"Axial_max": 321504.92191797786, "Shear_max": 730.224878292607, "Shear_min": 730.224878292607, "Moment_max": 47631.2436298744, "Moment_min": -44365.55348191706}}, "level.3": {"M13": {"Axial_max": 262043.8297007259, "Shear_max": -7.804867089340786e-12, "Shear_min": -7.804867089340786e-12, "Moment_max": 5.103909216635354e-10, "Moment_min": -4.728990146933924e-10}, "M14": {"Axial_max": 260710.54290922935, "Shear_max": -649.6352877868117, "Shear_min": -649.6352877868117, "Moment_max": 41147.35782430017, "Moment_min": -40696.4241992911}, "M15": {"Axial_max": 260710.5429092298, "Shear_max": -649.6352877868071, "Shear_min": -649.6352877868071, "Moment_max": 41147.357824299885, "Moment_min": -40696.424199290814}, "M16": {"Axial_max": 262043.8297007258, "Shear_max": 1.3471014017385489e-12, "Shear_min": 1.3471014017385489e-12, "Moment_max": 1.0822253858744615e-10, "Moment_min": -6.14909538294636e-11}, "M17": {"Axial_max": 260710.54290922947, "Shear_max": 649.6352877868052, "Shear_min": 649.6352877868052, "Moment_max": 40696.42419929078, "Moment_min": -41147.357824299674}, "M18": {"Axial_max": 260710.54290923028, "Shear_max": 649.6352877868062, "Shear_min": 649.6352877868062, "Moment_max": 40696.42419929079, "Moment_min": -41147.35782429979}}, "level.4": {"M19": {"Axial_max": 201037.6043736252, "Shear_max": -6.042291424406452e-12, "Shear_min": -6.042291424406452e-12, "Moment_max": 4.057456835670085e-10, "Moment_min": -3.5548756770369876e-10}, "M20": {"Axial_max": 199924.22863288136, "Shear_max": -719.6430597566691, "Shear_min": -719.6430597566691, "Moment_max": 47177.74443186646, "Moment_min": -43485.91073712969}, "M21": {"Axial_max": 199924.22863288136, "Shear_max": -719.6430597566646, "Shear_min": -719.6430597566646, "Moment_max": 47177.744431866166, "Moment_min": -43485.9107371294}, "M22": {"Axial_max": 201037.6043736253, "Shear_max": 3.5770210709774706e-12, "Shear_min": 3.5770210709774706e-12, "Moment_max": 2.405726532291287e-10, "Moment_min": -2.1007548478111112e-10}, "M23": {"Axial_max": 199924.22863288148, "Shear_max": 719.6430597566663, "Shear_min": 719.6430597566663, "Moment_max": 43485.910737129525, "Moment_min": -47177.74443186626}, "M24": {"Axial_max": 199924.22863288206, "Shear_max": 719.6430597566657, "Shear_min": 719.6430597566657, "Moment_max": 43485.91073712955, "Moment_min": -47177.744431866166}}, "level.5": {"M25": {"Axial_max": 139977.66313375306, "Shear_max": -4.4944511416964584e-12, "Shear_min": -4.4944511416964584e-12, "Moment_max": 3.47248604580138e-10, "Moment_min": -2.1898122694557717e-10}, "M26": {"Axial_max": 139164.77231291978, "Shear_max": -456.97240192811415, "Shear_min": -456.97240192811415, "Moment_max": 22076.574865707153, "Moment_min": -35494.727613284784}, "M27": {"Axial_max": 139164.77231291943, "Shear_max": -456.97240192811074, "Shear_min": -456.97240192811074, "Moment_max": 22076.574865706876, "Moment_min": -35494.72761328463}, "M28": {"Axial_max": 139977.66313375317, "Shear_max": 3.0567024121827757e-12, "Shear_min": 3.0567024121827757e-12, "Moment_max": 1.418444225605126e-10, "Moment_min": -2.432517854764048e-10}, "M29": {"Axial_max": 139164.77231291932, "Shear_max": 456.97240192811165, "Shear_min": 456.97240192811165, "Moment_max": 35494.72761328469, "Moment_min": -22076.574865706934}, "M30": {"Axial_max": 139164.77231291978, "Shear_max": 456.9724019281101, "Shear_min": 456.9724019281101, "Moment_max": 35494.72761328463, "Moment_min": -22076.574865706796}}}}, "beam": {"COMB1": {"level.1": {"M43": {"Axial_max": 93.90204889794336, "Shear_max": -1.4639386144538538, "Moment_max": 58.94693910002013, "Moment_min": -113.95885065312453, "Moment_maxZ": 105933.1358280967}, "M44": {"Axial_max": 104.85083619360806, "Shear_max": 8.171241461241152e-14, "Moment_max": 55.01191155311713, "Moment_min": 55.01191155310748, "Moment_maxZ": 103314.87021052372}, "M45": {"Axial_max": 93.90204889794404, "Shear_max": 1.4639386144537792, "Moment_max": 58.94693910000677, "Moment_min": -113.9588506531291, "Moment_maxZ": 105933.1358280977}, "M46": {"Axial_max": 93.90204889794495, "Shear_max": 1.4639386144538613, "Moment_max": 113.9588506531233, "Moment_min": -58.946939100022206, "Moment_maxZ": 55970.38995857281}, "M47": {"Axial_max": 104.8508361936081, "Shear_max": -1.474376176702208e-13, "Moment_max": -55.01191155310199, "Moment_min": -55.011911553119404, "Moment_maxZ": 54712.487317445804}, "M48": {"Axial_max": 93.90204889794336, "Shear_max": -1.463938614453737, "Moment_max": 113.95885065312447, "Moment_min": -58.94693910000652, "Moment_maxZ": 55970.389958572894}}, "level.2": {"M49": {"Axial_max": -83.99516499568745, "Shear_max": 5.4683494229447955, "Moment_max": 433.12733180690367, "Moment_min": -212.73941853710602, "Moment_maxZ": 106392.18331420996}, "M50": {"Axial_max": -107.72859411510544, "Shear_max": 1.2256862191861728e-13, "Moment_max": -220.38791326978185, "Moment_min": -220.38791326979631, "Moment_maxZ": 103308.51688712975}, "M51": {"Axial_max": -83.9951649956929, "Shear_max": -5.468349422944307, "Moment_max": 433.1273318068688, "Moment_min": -212.73941853708334, "Moment_maxZ": 106392.18331421108}, "M52": {"Axial_max": -83.99516499569108, "Shear_max": -5.468349422944231, "Moment_max": 212.73941853707328, "Moment_min": -433.1273318068697, "Moment_maxZ": 55993.76969643516}, "M53": {"Axial_max": -107.72859411510527, "Shear_max": -2.8421709430404007e-13, "Moment_max": 220.38791326980586, "Moment_min": 220.3879132697723, "Moment_maxZ": 54718.84064083977}, "M54": {"Axial_max": -83.99516499568836, "Shear_max": 5.468349422944627, "Moment_max": 212.7394185371067, "Moment_min": -433.12733180688366, "Moment_maxZ": 55993.76969643531}}, "level.3": {"M55": {"Axial_max": 286.5306820557453, "Shear_max": 29.05561640918358, "Moment_max": 2290.8216601809886, "Moment_min": -1140.9371939076832, "Moment_maxZ": 107305.14285324379}, "M56": {"Axial_max": 290.5067031155421, "Shear_max": -1.8474111129762605e-13, "Moment_max": -1149.8844662732731, "Moment_min": -1149.884466273295,